{
  "sample_size": 24,
  "detection_rate_pct": 83.33333333333334,
  "false_negative_rate_pct": 16.666666666666664,
  "false_positive_rate_pct": 25.0,
  "precision_pct": 70.0,
  "mttd_sec": 1.6104499999999997,
  "analysis_time_min": 10.036111111111111,
  "remediation_time_min": 3.5289855072463765,
  "mtta_sec": 44746.58955,
  "mttc_sec": 45449.689549999996,
  "mttr_sec": 48066.33826315789,
  "total_response_sec": 48066.33826315789,
  "dwell_time_sec": 50666.17391304348,
  "classifications": {
    "true-positive": 14,
    "false-negative": 4,
    "false-positive": 6
  },
  "alerts": 20,
  "no_alerts": 4
}